desc,link
Colour-Blocked Polo T-shirt,https://www.ajio.com/eyebogler-colour-blocked-polo-t-shirt/p/464918983_blue
Colour-block Regular Fit Polo T-shirt,https://www.ajio.com/gespo-colour-block-regular-fit-polo-t-shirt/p/465960612_teal
Striped Crew-Neck T-shirt,https://www.ajio.com/ausk-striped-crew-neck-t-shirt/p/464958006_aqua
Typographic Slim Fit Hooded T-Shirt,https://www.ajio.com/trythis-typographic-slim-fit-hooded-t-shirt/p/465998245_white
Colourblock Crew-Neck T-Shirt,https://www.ajio.com/eyebogler-colourblock-crew-neck-t-shirt/p/465543048_navy
Fastdry Active Crew-Neck T-shirt,https://www.ajio.com/performax-fastdry-active-crew-neck-t-shirt/p/441128501_jetblack
Short-Sleeve Polo T-Shirt,https://www.ajio.com/eyebogler-short-sleeve-polo-t-shirt/p/465556440_navy
Contrast Striped Polo T-Shirt,https://www.ajio.com/ausk-contrast-striped-polo-t-shirt/p/465934110_white
Heathered Crew-Neck T-shirt,https://www.ajio.com/performax-heathered-crew-neck-t-shirt/p/441144584_ltgrey
Typographic Print Crew-Neck T-Shirt,https://www.ajio.com/trends-tower-typographic-print-crew-neck-t-shirt/p/465905533_maroon
Colourblock Crew-Neck T-Shirt,https://www.ajio.com/ausk-colourblock-crew-neck-t-shirt/p/465592876_multi
Fastdry Active Crew-Neck T-shirt,https://www.ajio.com/performax-fastdry-active-crew-neck-t-shirt/p/441128501_offwhite
Striped Slim Fit Polo T-shirt,https://www.ajio.com/netplay-striped-slim-fit-polo-t-shirt/p/441121566_blue
Crew-Neck Loose Fit T-Shirt,https://www.ajio.com/the-hollander-crew-neck-loose-fit-t-shirt/p/465762323_white
Striped Crew-Neck T-shirt,https://www.ajio.com/ausk-striped-crew-neck-t-shirt/p/464957923_white
Striped Crew-Neck T-shirt,https://www.ajio.com/ausk-striped-crew-neck-t-shirt/p/464957851_olive
Typographic Slim Fit Hooded T-Shirt,https://www.ajio.com/trythis-typographic-slim-fit-hooded-t-shirt/p/465998245_black
Checked Polo T-Shirt,https://www.ajio.com/eyebogler-checked-polo-t-shirt/p/466038716_white
Colourblock Crew-Neck T-Shirt,https://www.ajio.com/ausk-colourblock-crew-neck-t-shirt/p/465634623_navy
Waffle Structure Cotton Polo T-shirt,https://www.ajio.com/netplay-waffle-structure-cotton-polo-t-shirt/p/441143447_mediumblue
Typographic Print Polo T-shirt,https://www.ajio.com/teamspirit-typographic-print-polo-t-shirt/p/441142461_navy
Colour-Blocked Polo T-shirt,https://www.ajio.com/eyebogler-colour-blocked-polo-t-shirt/p/464918983_pink
Fastdry Active Crew-Neck T-shirt,https://www.ajio.com/performax-fastdry-active-crew-neck-t-shirt/p/441128501_darkblue
Fastdry Active Polo T-shirt with Tipping,https://www.ajio.com/performax-fastdry-active-polo-t-shirt-with-tipping/p/441135822_jetblack
Colourblock Crew-Neck T-shirt,https://www.ajio.com/teamspirit-colourblock-crew-neck-t-shirt/p/441136489_navy
Striped Henley T-shirt,https://www.ajio.com/netplay-striped-henley-t-shirt/p/441143443_navy
Striped Crew-Neck T-shirt,https://www.ajio.com/gespo-striped-crew-neck-t-shirt/p/461571257_blue
Full Sleeves Crew-Neck T-Shirt,https://www.ajio.com/clafoutis-full-sleeves-crew-neck-t-shirt-/p/465290971_navy
Heathered Striped Crew-Neck T-shirt,https://www.ajio.com/teamspirit-heathered-striped-crew-neck-t-shirt/p/441136485_maroon
Cotton Crew-Neck T-shirt,https://www.ajio.com/spunk-cotton-crew-neck-t-shirt/p/441173966_offwhite
Heathered Crew-Neck T-shirt,https://www.ajio.com/performax-heathered-crew-neck-t-shirt/p/441144584_teal
Fastdry Active Crew-Neck T-shirt,https://www.ajio.com/performax-fastdry-active-crew-neck-t-shirt/p/441128501_olive
Striped Polo T-shirt,https://www.ajio.com/netplay-striped-polo-t-shirt/p/441143456_white
Heathered Polo T-shirt with Welt Pocket,https://www.ajio.com/netplay-heathered-polo-t-shirt-with-welt-pocket/p/441143452_mediumblue
Heathered Polo T-shirt with Welt Pocket,https://www.ajio.com/netplay-heathered-polo-t-shirt-with-welt-pocket/p/441143450_navy
Structure Striped Crew-Neck T-shirt,https://www.ajio.com/teamspirit-structure-striped-crew-neck-t-shirt/p/441136490_navy
Graphic Print Slim Fit Crew-Neck T-Shirt,https://www.ajio.com/mvmt-graphic-print-slim-fit-crew-neck-t-shirt/p/420366567_greymelange
Black Panther Print Crew-Neck T-shirt,https://www.ajio.com/dnmx-black-panther-print-crew-neck-t-shirt/p/441123359_navy
Heathered Polo T-shirt with Welt Pocket,https://www.ajio.com/netplay-heathered-polo-t-shirt-with-welt-pocket/p/441143450_mustard
Typographic Print Crew-Neck T-shirt,https://www.ajio.com/dnmx-typographic-print-crew-neck-t-shirt/p/441126029_mustard
Slim Fit V-Neck T-Shirt,https://www.ajio.com/mvmt-slim-fit-v-neck-t-shirt/p/420366499_white
Printed Polo T-Shirt with Short Sleeves,https://www.ajio.com/obaan-printed-polo-t-shirt-with-short-sleeves/p/465868164_grey
Colourblock Polo T-Shirt with Full Sleeves,https://www.ajio.com/ausk-colourblock-polo-t-shirt-with-full-sleeves/p/465744173_green
Polo T-Shirt with Patch Pocket,https://www.ajio.com/obaan-polo-t-shirt-with-patch-pocket/p/465814588_green
Structure Striped Crew-Neck T-shirt,https://www.ajio.com/teamspirit-structure-striped-crew-neck-t-shirt/p/441136490_beige
Zip-Front Jacket with Contrast Piping,https://www.ajio.com/performax-zip-front-jacket-with-contrast-piping/p/443004374_jetblack
Collar-Neck Jacket with Insert Pockets,https://www.ajio.com/voxati--collar-neck-jacket-with-insert-pockets/p/462631373_green
Zip-Front Jacket with Contrast Piping,https://www.ajio.com/performax-zip-front-jacket-with-contrast-piping/p/443004374_white
Denim Jacket with Flap Pockets,https://www.ajio.com/produkt-by-jack--jones-denim-jacket-with-flap-pockets/p/469265979_darkblue
Washed Denim Jacket,https://www.ajio.com/gap-washed-denim-jacket/p/442064222_denimblue
Zip-Front Slim Fit Jacket,https://www.ajio.com/john-players-zip-front-slim-fit-jacket/p/441139799_khaki
Zip-Front Bomber Jacket,https://www.ajio.com/campus-sutra-zip-front-bomber-jacket/p/465324816_tan
Hooded Running Jacket with Raglan Sleeves,https://www.ajio.com/performax-hooded-running-jacket-with-raglan-sleeves/p/443005182_jetblack
Camouflage Print Hooded Jacket,https://www.ajio.com/lee-cooper-camouflage-print-hooded-jacket/p/441310444_blue
Hooded Running Jacket with Raglan Sleeves,https://www.ajio.com/performax-hooded-running-jacket-with-raglan-sleeves/p/443005182_white
Zip-Front Puffer Jacket,https://www.ajio.com/teamspirit-zip-front-puffer-jacket/p/441140952_black
Zip-Front Jacket with Flap Pockets,https://www.ajio.com/voxati-zip-front-jacket-with-flap-pockets/p/466070717_green
Zip-Front Puffer Jacket with Zipper Pockets,https://www.ajio.com/teamspirit-zip-front-puffer-jacket-with-zipper-pockets/p/441141210_offwhite
Zip-Front Quilted Puffer Jacket,https://www.ajio.com/breakpoint-zip-front-quilted-puffer-jacket/p/420411046_mustard
Zip-Front Puffer Jacket,https://www.ajio.com/gap-zip-front-puffer-jacket/p/442064479_black
Quilted Slim Fit Jacket with Flap Pockets,https://www.ajio.com/john-players-quilted-slim-fit-jacket-with-flap-pockets/p/441139815_jetblack
Zip-Front Track Jacket with Insert Pockets,https://www.ajio.com/performax-zip-front-track-jacket-with-insert-pockets/p/441138387_maroon
Hooded Bomber Jacket with Insert Pockets,https://www.ajio.com/nike-hooded-bomber-jacket-with-insert-pockets/p/469038383_black
Jacket with Insert Pockets,https://www.ajio.com/voxati--jacket-with-insert-pockets/p/462631419_maroon
Logo Print Slim Fit Utility Jacket,https://www.ajio.com/ecko-unltd-logo-print-slim-fit-utility-jacket/p/441294322_grey
Slim Fit Puffer Jacket with Zipper Pockets,https://www.ajio.com/john-players-slim-fit-puffer-jacket-with-zipper-pockets/p/441139812_navy
Fastdry Active Training Jacket,https://www.ajio.com/performax-fastdry-active-training-jacket/p/441120188_olivegreen
Slim Fit Zip-Front Bomber Jacket,https://www.ajio.com/the-indian-garage-co-slim-fit-zip-front-bomber-jacket/p/460453623_black
Hooded Puffer Jacket with Insert Pockets,https://www.ajio.com/produkt-by-jack--jones-hooded-puffer-jacket-with-insert-pockets/p/441693313_grey
Zip-Front Slim Fit Hooded Jacket,https://www.ajio.com/ecko-unltd-zip-front-slim-fit-hooded-jacket/p/441294307_olive
Button-Down Bomber Jacket,https://www.ajio.com/altheory-button-down-bomber-jacket/p/441294393_jetblack
Zip-Front Track Jacket with Insert Pockets,https://www.ajio.com/performax-zip-front-track-jacket-with-insert-pockets/p/441145639_jetblack
Chicago Bulls Print Track Jacket,https://www.ajio.com/performax-chicago-bulls-print-track-jacket/p/441145593_jetblack
Quilted Zip-Front Hooded Jacket,https://www.ajio.com/fort-collins-quilted-zip-front-hooded-jacket/p/460934092_pewter
Slim-Fit Button-Closure Jacket with Flap Pockets,https://www.ajio.com/voxati-slim-fit-button-closure-jacket-with-flap-pockets/p/466070858_black
Quilted Zip-Front Gilet,https://www.ajio.com/teamspirit-quilted-zip-front-gilet/p/441141209_olive
Puffer Hooded Jacket with Zip Pockets,https://www.ajio.com/lee-cooper-puffer-hooded-jacket-with-zip-pockets/p/441310447_olive
Slim Fit Denim Jacket with Flap Pockets,https://www.ajio.com/ecko-unltd-slim-fit-denim-jacket-with-flap-pockets/p/441294319_black
Slim-Fit Button-Closure Jacket with Flap Pockets,https://www.ajio.com/voxati-slim-fit-button-closure-jacket-with-flap-pockets/p/466070861_green
Slim Fit Zip-Front Jacket with Mock Collar,https://www.ajio.com/john-players-jeans-slim-fit-zip-front-jacket-with-mock-collar/p/441139786_blackcharcoal
Zip-Front Puffer Jacket,https://www.ajio.com/teamspirit-zip-front-puffer-jacket/p/441140952_wine
Fastdry Active Training Jacket,https://www.ajio.com/performax-fastdry-active-training-jacket/p/441120188_jetblack
Washed Bikers Jacket with Flap Pockets,https://www.ajio.com/voxati-washed-bikers-jacket-with-flap-pockets-/p/462917953_blue
Textured Zip-front Jacket,https://www.ajio.com/lindbergh-textured-zip-front-jacket/p/464869823_olive
Vintage Coated Denim Racer Jacket,https://www.ajio.com/superdry-vintage-coated-denim-racer-jacket/p/410338860_02a
Colourblock Biker Jacket with Insert Pockets,https://www.ajio.com/performax-colourblock-biker-jacket-with-insert-pockets/p/441143222_khaki
Postdam Denim Jacket with Flap Pockets,https://www.ajio.com/jack--jones-postdam-denim-jacket-with-flap-pockets/p/469271488_blue
Zip-Front Slim Fit Jacket,https://www.ajio.com/john-players-jeans-zip-front-slim-fit-jacket/p/441139912_olive
Zip-Front Puffer Jacket with Zipper Pockets,https://www.ajio.com/teamspirit-zip-front-puffer-jacket-with-zipper-pockets/p/441141210_darkgreen
Bomber Jacket with Zip Closure,https://www.ajio.com/rare-rabbit-bomber-jacket-with-zip-closure/p/465544935_navy
Button-Down Hoodie with Placement Brand Print,https://www.ajio.com/lee-cooper-button-down-hoodie-with-placement-brand-print/p/441213932_indigo
Zip-Front Slim Fit Sweatshirt,https://www.ajio.com/mvmt-zip-front-slim-fit-sweatshirt/p/420432869_black
Tie & Dye Pattern Hoodie with Kangroo Pocket,https://www.ajio.com/lee-cooper-tie--dye-pattern-hoodie-with-kangroo-pocket/p/441295478_navy
Typographic Print Crew-Neck Sweatshirt,https://www.ajio.com/teamspirit-typographic-print-crew-neck-sweatshirt/p/441145709_navy
Zip-Front Sweatshirt with Zipper Pockets,https://www.ajio.com/teamspirit-zip-front-sweatshirt-with-zipper-pockets/p/441144902_olive
Colourblock Zip-Front Hoodie,https://www.ajio.com/mvmt-colourblock-zip-front-hoodie/p/420278527_olive
Colourblock Slim Fit Hoodie,https://www.ajio.com/mvmt-colourblock-slim-fit-hoodie/p/420432862_olive
Polar Fleece Zip-Front Sweatshirt with Slip Pockets,https://www.ajio.com/teamspirit-polar-fleece-zip-front-sweatshirt-with-slip-pockets/p/441144902_darkgrey
Crew-Neck Sweatshirt with Flap Pocket,https://www.ajio.com/lee-cooper-crew-neck-sweatshirt-with-flap-pocket/p/441295467_black
Tie & Dye Slim Fit Hoodie,https://www.ajio.com/ecko-unltd-tie--dye-slim-fit-hoodie/p/441314859_olive
Printed Slim Fit Hoodie,https://www.ajio.com/mvmt-printed-slim-fit-hoodie/p/420432864_navy
Sweatshirt with Colourblock Sleeves,https://www.ajio.com/teamspirit-sweatshirt-with-colourblock-sleeves/p/441125016_medgrey
Typographic Print Round-Neck Sweatshirt,https://www.ajio.com/teamspirit-typographic-print-round-neck-sweatshirt/p/441144757_olive
Printed Slim Fit Crew-Neck Sweatshirt,https://www.ajio.com/mvmt-printed-slim-fit-crew-neck-sweatshirt/p/420432850_black
Brand Print Crew-Neck Sweatshirt,https://www.ajio.com/lee-cooper-brand-print-crew-neck-sweatshirt/p/441338642_teal
Typographic Print Crew-Neck Sweatshirt,https://www.ajio.com/teamspirit-typographic-print-crew-neck-sweatshirt/p/441144786_navy
Geometric Print Hoodie with Split Pockets,https://www.ajio.com/lee-cooper-geometric-print-hoodie-with-split-pockets/p/441295468_white
Half Zip-Front Sweatshirt with Ribbed Hemline,https://www.ajio.com/lee-cooper-half-zip-front-sweatshirt-with-ribbed-hemline/p/441295470_mustard
Crew-Neck Sweatshirt with Brand Print,https://www.ajio.com/lee-cooper-crew-neck-sweatshirt-with-brand-print/p/441338643_teal
Geometric Print Round-Neck Sweatshirt,https://www.ajio.com/teamspirit-geometric-print-round-neck-sweatshirt/p/441125027_olive
Printed Hoodie with Insert Pockets,https://www.ajio.com/lee-cooper-printed-hoodie-with-insert-pockets/p/441315359_navy
Typographic Print Crew-Neck Sweatshirt,https://www.ajio.com/teamspirit-typographic-print-crew-neck-sweatshirt/p/441125014_grey
Ribbed Crew-Neck Sweatshirt with Buttoned Flap Pocket,https://www.ajio.com/lee-cooper-ribbed-crew-neck-sweatshirt-with-buttoned-flap-pocket/p/441213922_olive
Brand Embroidered Hoodie,https://www.ajio.com/gap-brand-embroidered-hoodie/p/441777769_black
Striped Slim Fit Crew-Neck Sweatshirt,https://www.ajio.com/netplay-striped-slim-fit-crew-neck-sweatshirt/p/441141898_blue
Tie & Dye Crew-Neck Sweatshirt,https://www.ajio.com/lee-cooper-tie--dye-crew-neck-sweatshirt/p/441295482_white
Full Sleeves Sweatshirt,https://www.ajio.com/rigo-full-sleeves-sweatshirt/p/461536573_black
Brand Typography Crew-Neck Sweatshirt,https://www.ajio.com/lee-cooper-brand-typography-crew-neck-sweatshirt/p/441310410_black
Zip-Front Hoodie with Insert Pockets,https://www.ajio.com/lee-cooper-zip-front-hoodie-with-insert-pockets/p/441295477_indigo
Heathered Zip-Front Hoodie,https://www.ajio.com/mvmt-heathered-zip-front-hoodie/p/420278562_offwhite
Typographic Print Crew-Neck Sweatshirt,https://www.ajio.com/performax-typographic-print-crew-neck-sweatshirt/p/441145584_jetblack
Tie & Dye Slim Fit Hoodie,https://www.ajio.com/ecko-unltd-tie--dye-slim-fit-hoodie/p/441314859_blue
Brand Print Zip-Front Hoodie,https://www.ajio.com/lee-cooper-brand-print-zip-front-hoodie/p/441295471_black
Striped Slim Fit Crew-Neck Sweatshirt,https://www.ajio.com/netplay-striped-slim-fit-crew-neck-sweatshirt/p/441141888_ltgreen
Colourblock Crew-Neck Sweatshirt,https://www.ajio.com/teamspirit-colourblock-crew-neck-sweatshirt/p/441145051_greymelange
Minimal Print Hoodie with Kangaroo Pocket,https://www.ajio.com/performax-minimal-print-hoodie-with-kangaroo-pocket/p/441143234_darkred
Brand Print Crew-Neck Sweatshirt,https://www.ajio.com/lee-cooper-brand-print-crew-neck-sweatshirt/p/441295476_olive
Colourblock Hooded Sweatshirt,https://www.ajio.com/teamspirit-colourblock-hooded-sweatshirt/p/441144787_offwhite
Brand Print Hoodie with Kangaroo Pocket,https://www.ajio.com/gap-brand-print-hoodie-with-kangaroo-pocket/p/441777762_ltgrey
Arch Logo Print Hoodie,https://www.ajio.com/gap-arch-logo-print-hoodie/p/441539205_yellow
Logo Embroidered Hoodie with Kangaroo Pockets,https://www.ajio.com/gap-logo-embroidered-hoodie-with-kangaroo-pockets/p/442064452_black
Colourblock Slim Fit Zip-Front Sweatshirt,https://www.ajio.com/teamspirit-colourblock-slim-fit-zip-front-sweatshirt/p/441144763_ecru
Colourblock Slim Fit Crew-Neck Sweatshirt,https://www.ajio.com/netplay-colourblock-slim-fit-crew-neck-sweatshirt/p/441141891_mustard
Colour-block Hooded Sweatshirt,https://www.ajio.com/campus-sutra-colour-block-hooded-sweatshirt/p/462745357_blue
Full Sleeve Brand Print Hoodie,https://www.ajio.com/villain-full-sleeve-brand-print-hoodie/p/464884832_black
Slim Tapered Fit Flat-Front Chinos,https://www.ajio.com/club-chino-slim-tapered-fit-flat-front-chinos/p/420448589_navy
Slim Fit Flat-Front Trousers,https://www.ajio.com/john-players-slim-fit-flat-front-trousers/p/441145668_black
Flat Front Slim Fit Cargo Pants,https://www.ajio.com/ivoc-flat-front-slim-fit-cargo-pants/p/461394178_green
Heathered Slim Fit Flat-Front Chinos,https://www.ajio.com/british-club-heathered-slim-fit-flat-front-chinos/p/469273881_blue
Flat-Front Tapered Fit Chinos,https://www.ajio.com/dennislingo-premium-attire-flat-front-tapered-fit-chinos/p/463989103_grey
Slim Fit Flat-Front Chinos,https://www.ajio.com/john-players-slim-fit-flat-front-chinos/p/441145668_ltgrey
Heathered Slim Fit Flat-Front Chinos,https://www.ajio.com/british-club-heathered-slim-fit-flat-front-chinos/p/469273881_grey
Skinny Fit Flat-Front Ankle Length Chinos,https://www.ajio.com/john-players-skinny-fit-flat-front-ankle-length-chinos/p/441148584_ltblue
Slim Fit Flat-Front Trousers,https://www.ajio.com/john-players-slim-fit-flat-front-trousers/p/441145668_navy
Cavalry Dobby Tapered Fit Chinos,https://www.ajio.com/netplay-cavalry-dobby-tapered-fit-chinos/p/441140285_khaki
Mid-Rise Flat-Front Cargo Pants,https://www.ajio.com/gap-mid-rise-flat-front-cargo-pants/p/441778038_olive
Checked Slim Fit Flat-Front Trousers,https://www.ajio.com/breakpoint-checked-slim-fit-flat-front-trousers/p/420407762_navy
Slim Fit Flat-Front Trousers,https://www.ajio.com/john-players-slim-fit-flat-front-trousers/p/441145668_olive
Slim Tapered Fit Flat-Front Trousers,https://www.ajio.com/altheory-slim-tapered-fit-flat-front-trousers/p/441314129_black
Slim Fit Flat-Front Trousers,https://www.ajio.com/john-players-slim-fit-flat-front-trousers/p/441145668_beige
Skinny Fit Flat-Front Trousers,https://www.ajio.com/john-players-skinny-fit-flat-front-trousers/p/441138435_beige
Tapered Fit Flat-Front Trousers,https://www.ajio.com/netplay-tapered-fit-flat-front-trousers/p/443007816_olive
Diagonal Pull-On Cropped Chinos,https://www.ajio.com/netplay-diagonal-pull-on-cropped-chinos/p/441140288_navy
Slim Fit Flat-Front Trousers,https://www.ajio.com/british-club-slim-fit-flat-front-trousers/p/469316695_teal
Cargo Pants with Utility Pockets,https://www.ajio.com/buda-jeans-co-cargo-pants-with-utility-pockets/p/469419029_olive
Ankle-Length Flat-Front Pants,https://www.ajio.com/netplay-ankle-length-flat-front-pants/p/443007815_ltgrey
Low-Rise Cargo Joggers,https://www.ajio.com/the-indian-garage-co-low-rise-cargo-joggers/p/460611053_blue
Smith Print Tapered Fit Trousers,https://www.ajio.com/netplay-smith-print-tapered-fit-trousers/p/441140117_khaki
Slim Fit Flat-Front Cargo Pants,https://www.ajio.com/the-indian-garage-co-slim-fit-flat-front-cargo-pants/p/460868224_teal
Solid Slim Fit Cargo Pant,https://www.ajio.com/ivoc-solid-slim-fit-cargo-pant/p/464034617_grey
Tapered Fit Flat-Front Trousers,https://www.ajio.com/club-chino-tapered-fit-flat-front-trousers/p/420427797_black
Ankle-Length Chinos with Insert Pockets,https://www.ajio.com/netplay-ankle-length-chinos-with-insert-pockets/p/443001117_white
Tapered Fit Flat-Front Trousers,https://www.ajio.com/netplay-tapered-fit-flat-front-trousers/p/441140114_stone
"Od cargo pant, olive, 30",https://www.ajio.com/ecko-unltd-od-cargo-pant-olive-30/p/443004512_olive
Slim Fit Flat-Front Trousers,https://www.ajio.com/louis-philippe-slim-fit-flat-front-trousers/p/469453831_cream
Slim Tapered Fit Flat-Front Trousers,https://www.ajio.com/club-chino-slim-tapered-fit-flat-front-trousers/p/420447519_stone
Slim Fit Flat-Front Chinos with Belt,https://www.ajio.com/netplay-slim-fit-flat-front-chinos-with-belt/p/441140119_midblue
Mid Rise Slim Fit Cargo Pants,https://www.ajio.com/ivoc-mid-rise-slim-fit-cargo-pants/p/465315793_khaki
Slim Fit Flat-Front Trousers,https://www.ajio.com/john-players-slim-fit-flat-front-trousers/p/441145668_khaki
Solid Slim Fit Trouser,https://www.ajio.com/ivoc-solid-slim-fit-trouser/p/463863045_black
Flat-Font Chinos with Insert Pockets,https://www.ajio.com/netplay-flat-font-chinos-with-insert-pockets/p/443002269_black
Heathered Slim Fit Flat-Front Chinos,https://www.ajio.com/british-club-heathered-slim-fit-flat-front-chinos/p/469273881_brown
Lightweight Carpenter Trousers,https://www.ajio.com/gap-lightweight-carpenter-trousers/p/441778043_khaki
Ogger Slim Fit Jogger Pants,https://www.ajio.com/buda-jeans-co-ogger-slim-fit-jogger-pants/p/469321617_forestgreen
Slim Fit Flat-Front Casual Trousers,https://www.ajio.com/ketch-slim-fit-flat-front-casual-trousers/p/469034582_grey
Cargo Pants with Utility Pockets,https://www.ajio.com/buda-jeans-co-cargo-pants-with-utility-pockets/p/469419029_atlanticblue
Heathered Slim Fit Flat-Front Chinos,https://www.ajio.com/british-club-heathered-slim-fit-flat-front-chinos/p/469273881_darkblue
Skinny Fit Flat-Front Chinos,https://www.ajio.com/club-chino-skinny-fit-flat-front-chinos/p/420425813_olive
Flat-Front Trousers with Slip Pockets,https://www.ajio.com/u-s-polo-assn-flat-front-trousers-with-slip-pockets/p/469191998_khaki
Flat-Front Trousers with Insert Pockets,https://www.ajio.com/ivoc-flat-front-trousers-with-insert-pockets/p/465306185_white
Fastdry Active Essential Shorts,https://www.ajio.com/performax-fastdry-active-essential-shorts/p/440672489_teal
Fastdry Active Essential Shorts,https://www.ajio.com/performax-fastdry-active-essential-shorts/p/440672489_olive
Fastdry Active Essential Shorts,https://www.ajio.com/performax-fastdry-active-essential-shorts/p/440672489_black
Fastdry Running Shorts,https://www.ajio.com/performax-fastdry-running-shorts/p/443000187_jetblack
Fastdry Active Essential Shorts,https://www.ajio.com/performax-fastdry-active-essential-shorts/p/441149341_jetblack
Panelled Tennis Shorts,https://www.ajio.com/performax-panelled-tennis-shorts/p/441148166_tintblue
Geometric Print Flat-Front Shorts,https://www.ajio.com/teamspirit-geometric-print-flat-front-shorts/p/441142478_offwhite
Cotton Shorts with Insert Pockets,https://www.ajio.com/bare-cotton-shorts-with-insert-pockets/p/441184667_blue
Solid Regular Fit Shorts,https://www.ajio.com/ardeur-solid-regular-fit-shorts/p/463810814_black
Fastdry Running Active Essential Shorts,https://www.ajio.com/performax-fastdry-running-active-essential-shorts/p/440672491_navy
Shorts with Drawstring Waistline,https://www.ajio.com/teamspirit-shorts-with-drawstring-waistline/p/441142481_charcoal
Striped Mid-Rise Shorts,https://www.ajio.com/teamspirit-striped-mid-rise-shorts/p/441142484_greymelange
Typographic Print Slim Fit Knit Shorts,https://www.ajio.com/mvmt-typographic-print-slim-fit-knit-shorts/p/420366821_black
Pack of 3 Shorts,https://www.ajio.com/ardeur-pack-of-3-shorts/p/462376751_multi
Heathered Bermudas with Contrast Taping,https://www.ajio.com/teamspirit-heathered-bermudas-with-contrast-taping/p/441142480_ecru
Mid-Rise Textured Shorts,https://www.ajio.com/ardeur-mid-rise-textured-shorts/p/461346305_navy
Fastdry Active Essential Shorts,https://www.ajio.com/performax-fastdry-active-essential-shorts/p/440672489_navy
Solid Slim Fit Shorts,https://www.ajio.com/breakbounce-solid-slim-fit-shorts/p/461182407_green
Mid-Rise Shorts with Insert Pockets,https://www.ajio.com/performax-mid-rise-shorts-with-insert-pockets/p/440672491_white
Printed Shorts with Insert Pockets,https://www.ajio.com/teamspirit-printed-shorts-with-insert-pockets/p/441142483_blue
Slim Fit Cargo Shorts with Drawstring Waist,https://www.ajio.com/dnmx-slim-fit-cargo-shorts-with-drawstring-waist/p/441144221_khaki
Slim Fit City Shorts with Insert Pockets,https://www.ajio.com/dnmx-slim-fit-city-shorts-with-insert-pockets/p/441144222_maroon
Sublimate Colourblock City Shorts,https://www.ajio.com/teamspirit-sublimate-colourblock-city-shorts/p/441142477_jetblack
Mid-Rise Slim Fit Shorts,https://www.ajio.com/the-indian-garage-co-mid-rise-slim-fit-shorts/p/460990411_blue
City Shorts with Insert Pockets,https://www.ajio.com/netplay-city-shorts-with-insert-pockets/p/443001114_mediumblue
New Core Varsity Logo Print Knit Shorts,https://www.ajio.com/teamspirit-new-core-varsity-logo-print-knit-shorts/p/441137105_jetblack
Ribbed Shorts with Insert Pockets,https://www.ajio.com/teamspirit-ribbed-shorts-with-insert-pockets/p/441143524_charcoal
Slim Fit Shorts with Pockets,https://www.ajio.com/ivoc-slim-fit-shorts-with-pockets/p/461152806_white
Mid-Rise Slim Fit Shorts,https://www.ajio.com/the-indian-garage-co-mid-rise-slim-fit-shorts/p/460990408_khaki
Flat-Front Shorts with Insert Pockets,https://www.ajio.com/netplay-flat-front-shorts-with-insert-pockets/p/441140112_ltgreen
Shorts with Logo Print Waist Band,https://www.ajio.com/performax-shorts-with-logo-print-waist-band/p/441147796_jetblack
Shorts with Contrast Side Taping,https://www.ajio.com/the-indian-garage-co-shorts-with-contrast-side-taping/p/460660049_burgundy
Shorts with Elasticated Waist,https://www.ajio.com/dnmx-shorts-with-elasticated-waist/p/441000455_charcoal
Printed Shorts with Elasticated Drawstring Waist,https://www.ajio.com/performax-printed-shorts-with-elasticated-drawstring-waist/p/441147944_darkblue
Typographic Print Shorts with Slip Pockets,https://www.ajio.com/teamspirit-typographic-print-shorts-with-slip-pockets/p/441113672_maroon
Shorts with Logo Waist Brand,https://www.ajio.com/performax-shorts-with-logo-waist-brand/p/441147961_ltgrey
Ribbed Mid-Rise Shorts,https://www.ajio.com/teamspirit-ribbed-mid-rise-shorts/p/441142484_black
Tennis Shorts with Elasticated Waistband,https://www.ajio.com/performax-tennis-shorts-with-elasticated-waistband/p/441148167_darkblue
Mid-Wash Slim Fit Denim Shorts,https://www.ajio.com/dnmx-mid-wash-slim-fit-denim-shorts/p/441144255_grey
Heathered Regular Fit Shorts,https://www.ajio.com/ardeur-heathered-regular-fit-shorts/p/463810930_grey
Barmuda Shorts with Insert Pockets,https://www.ajio.com/netplay-barmuda-shorts-with-insert-pockets/p/441140116_olive
Slim Fit Flat-Front City Shorts,https://www.ajio.com/john-players-slim-fit-flat-front-city-shorts/p/443004829_grey
Typographic Print Shorts with Slip Pockets,https://www.ajio.com/teamspirit-typographic-print-shorts-with-slip-pockets/p/441113672_grey
Core Drawstring Shorts with Side Pockets,https://www.ajio.com/teamspirit-core-drawstring-shorts-with-side-pockets/p/441031717_petrol
Typographic Print Shorts with Drawstring Waistline,https://www.ajio.com/teamspirit-typographic-print-shorts-with-drawstring-waistline/p/441142485_ecru
Cotton Slim Fit Jeans,https://www.ajio.com/u-s-polo-assn-cotton-slim-fit-jeans/p/469279491_black
Mid-Rise Skinny Fit Jeans,https://www.ajio.com/john-players-jeans-mid-rise-skinny-fit-jeans/p/443002562_jetblack
Lightly Washed Slim Fit Jeans,https://www.ajio.com/breakpoint-lightly-washed-slim-fit-jeans/p/420365717_blue
Mid-Wash Slim Fit Jogger Jeans,https://www.ajio.com/breakpoint-mid-wash-slim-fit-jogger-jeans/p/420392918_grey
Lightly Washed Slim Fit Jeans,https://www.ajio.com/breakpoint-lightly-washed-slim-fit-jeans/p/420365726_blue
Lightly Washed Slim Fit Jeans,https://www.ajio.com/breakpoint-lightly-washed-slim-fit-jeans/p/420365722_blue
Lightly Washed Slim Fit Jeans,https://www.ajio.com/the-indian-garage-co-lightly-washed-slim-fit-jeans/p/460789301_blue
Mid-Wash Slim Fit Jeans,https://www.ajio.com/breakpoint-mid-wash-slim-fit-jeans/p/420365734_blue
Washed Slim Fit Jeans,https://www.ajio.com/the-indian-garage-co-washed-slim-fit-jeans/p/469009835_blue
Mid-Wash Slim Fit Jeans,https://www.ajio.com/dnmx-mid-wash-slim-fit-jeans/p/441143732_grey
Light-Wash Skinny Fit Jeans,https://www.ajio.com/john-players-jeans-light-wash-skinny-fit-jeans/p/443000066_mediumblue
Mid-Rise Jeans with Insert Pockets,https://www.ajio.com/bene-kleed-mid-rise-jeans-with-insert-pockets/p/465945586_charcoal
Mid-Wash Carrot Fit Jeans,https://www.ajio.com/breakpoint-mid-wash-carrot-fit-jeans/p/420180385_ltblue
Lightly Washed Slim Fit Jeans,https://www.ajio.com/u-s-polo-assn-lightly-washed-slim-fit-jeans/p/469279492_blue
Highly Washed Carrot Fit Jeans,https://www.ajio.com/breakpoint-highly-washed-carrot-fit-jeans/p/420180386_black
Lightly Washed Slim Fit Jeans,https://www.ajio.com/breakpoint-lightly-washed-slim-fit-jeans/p/420365721_blue
Lightly Washed Tapered Fit Jeans,https://www.ajio.com/breakpoint-lightly-washed-tapered-fit-jeans/p/420180388_blue
Mid-Wash Slim Fit Jeans,https://www.ajio.com/breakpoint-mid-wash-slim-fit-jeans/p/420365736_charcoal
Mid-Wash Slim Fit Jeans,https://www.ajio.com/dnmx-mid-wash-slim-fit-jeans/p/441144164_black
Lightly Washed Skinny Fit Jeans,https://www.ajio.com/dnmx-lightly-washed-skinny-fit-jeans/p/441145396_black
Mid-Wash Slim Fit Jeans,https://www.ajio.com/john-players-jeans-mid-wash-slim-fit-jeans/p/443002296_darkblue
Slim Fit Jeans with Distressing,https://www.ajio.com/the-indian-garage-co-slim-fit-jeans-with-distressing/p/460733302_white
Mid-Rise Skinny Fit Jeans,https://www.ajio.com/snitch-mid-rise-skinny-fit-jeans/p/464267341_black
Mid-Wash Cropped Fit Jeans,https://www.ajio.com/john-players-jeans-mid-wash-cropped-fit-jeans/p/443002302_darkblue
Mid-Rise Slim Fit Jeans,https://www.ajio.com/the-indian-garage-co-mid-rise-slim-fit-jeans/p/460619259_grey
Mid-Rise Tapered Fit Jeans,https://www.ajio.com/lee-cooper-mid-rise-tapered-fit-jeans/p/441245149_black
Lightly Washed Slim Fit Jeans,https://www.ajio.com/breakpoint-lightly-washed-slim-fit-jeans/p/420407680_black
Relaxed Jeans with Insert Pockets,https://www.ajio.com/hj-hasasi-relaxed-jeans-with-insert-pockets/p/462137740_grey
Lightly Washed Slim Fit Jeans,https://www.ajio.com/breakpoint-lightly-washed-slim-fit-jeans/p/420365720_blue
Lightly Washed Slim Fit Jeans,https://www.ajio.com/breakpoint-lightly-washed-slim-fit-jeans/p/420365718_blue
Cropped Fit Jeans,https://www.ajio.com/john-players-jeans-cropped-fit-jeans/p/441148673_indigo
Mid-Wash Slim Fit Jogger Jeans,https://www.ajio.com/breakpoint-mid-wash-slim-fit-jogger-jeans/p/420392921_ltblue
Lightly Washed Slim Fit Jeans,https://www.ajio.com/louis-philippe-lightly-washed-slim-fit-jeans/p/469465097_navy
Lightly Washed Cropped Fit Jeans,https://www.ajio.com/john-players-jeans-lightly-washed-cropped-fit-jeans/p/441148675_jetblack
Heavily-Washed Slim Jeans,https://www.ajio.com/louis-philippe-heavily-washed-slim-jeans/p/469374607_navy
Stretchable Ankle-Length Jeans,https://www.ajio.com/lee-stretchable-ankle-length-jeans/p/466126236_black
Slim Fit Mid-Wash Jeans,https://www.ajio.com/breakpoint-slim-fit-mid-wash-jeans/p/420180421_ltblue
Mid-Rise Slim Jeans,https://www.ajio.com/dais-mid-rise-slim-jeans/p/465380300_black
Cropped Fit Jeans,https://www.ajio.com/john-players-jeans-cropped-fit-jeans/p/441148308_grey
Mid Wash Slim Fit Jeans,https://www.ajio.com/lee-cooper-mid-wash-slim-fit-jeans/p/441297803_denimblue
Lightly Washed Slim Fit Jeans,https://www.ajio.com/lee-lightly-washed-slim-fit-jeans/p/466044420_blue
Mid-Wash Slim Fit Jeans,https://www.ajio.com/xtj-mid-wash-slim-fit-jeans/p/420445360_black
Lightly Washed Skinny Fit Jeans,https://www.ajio.com/buda-jeans-co-lightly-washed-skinny-fit-jeans/p/469157796_lightblue
Mid-Wash Slim Fit Jeans,https://www.ajio.com/u-s-polo-assn-mid-wash-slim-fit-jeans/p/469279413_blue
Slim Fit Mid-Rise Mid-Wash Jeans,https://www.ajio.com/xtj-slim-fit-mid-rise-mid-wash-jeans/p/420433252_blue
Slim Fit Shirt with Patch Pocket,https://www.ajio.com/the-bear-house-slim-fit-shirt-with-patch-pocket/p/463292672_purple
Checked Shirt with Patch Pocket,https://www.ajio.com/campus-sutra-checked-shirt-with-patch-pocket/p/463775643_blue
Cotton Shirt with Patch Pocket,https://www.ajio.com/dillinger-cotton-shirt-with-patch-pocket/p/464795576_grey
Spread Collar Shirt with Patch Pocket,https://www.ajio.com/the-indian-garage-co-spread-collar-shirt-with-patch-pocket/p/469157903_blue
Striped Slim Fit Shirt,https://www.ajio.com/dennislingo-premium-attire-striped-slim-fit-shirt/p/462152986_green
Full Sleeves Slim Fit Shirt,https://www.ajio.com/dennislingo-premium-attire-full-sleeves-slim-fit-shirt/p/462323964_white
Checked Regular Fit Shirt,https://www.ajio.com/campus-sutra-checked-regular-fit-shirt/p/465991442_blue
Shirt with Mandarin Collar,https://www.ajio.com/netplay-shirt-with-mandarin-collar/p/441128206_khaki
Checked Slim Fit Shirt,https://www.ajio.com/the-bear-house-checked-slim-fit-shirt/p/463528872_multi
Shirt with Patch Pocket,https://www.ajio.com/netplay-shirt-with-patch-pocket/p/441127005_khaki
Micro Print Shirt with Patch Pocket,https://www.ajio.com/netplay-micro-print-shirt-with-patch-pocket/p/441127001_seagreen
Full Sleeves Slim Fit Classic Shirt,https://www.ajio.com/dennislingo-premium-attire-full-sleeves-slim-fit-classic-shirt/p/462323964_pink
Slim Fit Shirt with Patch Pocket,https://www.ajio.com/the-bear-house-slim-fit-shirt-with-patch-pocket/p/461170247_white
Checked Slim Fit Shirt with Patch Pocket,https://www.ajio.com/the-indian-garage-co-checked-slim-fit-shirt-with-patch-pocket/p/460698930_green
Washed Denim Slim Fit Shirt with Band Collar,https://www.ajio.com/dennislingo-premium-attire-washed-denim-slim-fit-shirt-with-band-collar/p/461118742_blue
Chain Stitched Slim Fit Shirt with Patch Pocket,https://www.ajio.com/netplay-chain-stitched-slim-fit-shirt-with-patch-pocket/p/441143264_navy
Checked Shirt with Patch Pocket,https://www.ajio.com/the-bear-house-checked-shirt-with-patch-pocket/p/461655541_black
Full Sleeves Slim Fit Shirt,https://www.ajio.com/dennislingo-premium-attire-full-sleeves-slim-fit-shirt/p/462323964_green
Slim Fit Cotton Shirt with Patch Pocket,https://www.ajio.com/ntwk-slim-fit-cotton-shirt-with-patch-pocket/p/420180660_white
Spread Collar Shirt with Patch Pocket,https://www.ajio.com/the-indian-garage-co-spread-collar-shirt-with-patch-pocket/p/469157903_teal
Cotton Shirt with Patch Pocket,https://www.ajio.com/dillinger-cotton-shirt-with-patch-pocket/p/464795292_pink
Cotton Shirt with Patch Pocket,https://www.ajio.com/dillinger-cotton-shirt-with-patch-pocket/p/464795535_maroon
Checked Slim Fit Shirt with Patch Pocket,https://www.ajio.com/the-indian-garage-co-checked-slim-fit-shirt-with-patch-pocket/p/460698917_white
Printed Shirt with Patch Pocket,https://www.ajio.com/breakpoint-printed-shirt-with-patch-pocket/p/420371503_blue
Checked Slim Fit Shirt with Patch Pocket,https://www.ajio.com/netplay-checked-slim-fit-shirt-with-patch-pocket/p/441142088_navy
Checked Slim Fit Shirt,https://www.ajio.com/the-indian-garage-co-checked-slim-fit-shirt/p/460698904_navy
Checked Slim Fit Shirt,https://www.ajio.com/the-indian-garage-co-checked-slim-fit-shirt/p/460698902_navy
Striped Slim Fit Shirt with Patch Pocket,https://www.ajio.com/the-indian-garage-co-striped-slim-fit-shirt-with-patch-pocket/p/460453610_white
Checked Slim Fit Shirt with Patch Pocket,https://www.ajio.com/netplay-checked-slim-fit-shirt-with-patch-pocket/p/441142182_white
Slim Fit Cotton Shirt with Patch Pocket,https://www.ajio.com/netplay-slim-fit-cotton-shirt-with-patch-pocket/p/441146587_blue
Checks Slim Fit Shirt,https://www.ajio.com/the-bear-house-checks-slim-fit-shirt/p/463683909_multi
Solid Slim Fit Shirt,https://www.ajio.com/the-bear-house-solid-slim-fit-shirt/p/463405468_olive
Spread Collar Shirt with Patch Pocket,https://www.ajio.com/the-indian-garage-co-spread-collar-shirt-with-patch-pocket/p/469157903_lilac
Checked Slim Fit Shirt,https://www.ajio.com/the-bear-house-checked-slim-fit-shirt/p/464175602_grey
Checked Slim Fit Shirt with Patch Pocket,https://www.ajio.com/the-indian-garage-co-checked-slim-fit-shirt-with-patch-pocket/p/460698922_blue
Micro Print Shirt with Patch Pocket,https://www.ajio.com/netplay-micro-print-shirt-with-patch-pocket/p/441127001_coral
Checks Slim Fit Shirt,https://www.ajio.com/the-bear-house-checks-slim-fit-shirt/p/464176978_blue
Printed Slim Fit Shirt with Patch Pocket,https://www.ajio.com/the-indian-garage-co-printed-slim-fit-shirt-with-patch-pocket/p/460436284_lightblue
Checked Slim Fit Shirt with Patch Pocket,https://www.ajio.com/louis-philippe-checked-slim-fit-shirt-with-patch-pocket/p/469479526_maroon
Striped Shirt with Curved Hemline,https://www.ajio.com/tistabene-striped-shirt-with-curved-hemline/p/464731117_multi
Slim Fit Shirt with Patch Pocket,https://www.ajio.com/dennislingo-premium-attire-slim-fit-shirt-with-patch-pocket/p/462323964_grey
Checked Slim Fit Shirt,https://www.ajio.com/dennislingo-premium-attire-checked-slim-fit-shirt/p/461119105_blue
Checked Slim Fit Shirt with Patch Pocket,https://www.ajio.com/the-bear-house-checked-slim-fit-shirt-with-patch-pocket/p/463378835_brown
Chain Stitched Slim Fit Shirt with Patch Pocket,https://www.ajio.com/netplay-chain-stitched-slim-fit-shirt-with-patch-pocket/p/441143264_white
Checked Slim Fit Shirt,https://www.ajio.com/the-indian-garage-co-checked-slim-fit-shirt/p/460868127_white
Graphic Printed Oversize Half Sleeve T-shirt,https://www.ajio.com/the-dry-state-graphic-printed-oversize-half-sleeve-t-shirt/p/464184683_white
Striped Round-Neck T-shirt,https://www.ajio.com/teamspirit-striped-round-neck-t-shirt/p/441137206_navy
Striped Crew-Neck T-shirt,https://www.ajio.com/teamspirit-striped-crew-neck-t-shirt/p/441126821_ltblue
Heathered Crew-Neck T-shirt with Embellishments,https://www.ajio.com/fig-heathered-crew-neck-t-shirt-with-embellishments/p/441130530_olive
Floral Print Crew-Neck T-Shirt,https://www.ajio.com/dnmx-floral-print-crew-neck-t-shirt/p/441147610_jetblack
Floral Print Crew-Neck T-Shirt,https://www.ajio.com/dnmx-floral-print-crew-neck-t-shirt/p/443003188_ltpink
Striped Round-Neck T-shirt,https://www.ajio.com/teamspirit-striped-round-neck-t-shirt/p/441137206_red
Typographic Print Crew-Neck T-Shirt,https://www.ajio.com/door74-typographic-print-crew-neck-t-shirt/p/465778533_brown
Typographic Print Crew-Neck T-Shirt,https://www.ajio.com/dnmx-typographic-print-crew-neck-t-shirt/p/443003187_lavender
Ribbed Round-Neck T-shirt,https://www.ajio.com/fig-ribbed-round-neck-t-shirt/p/441147122_wine
Graphic Print Crew-Neck T-Shirt,https://www.ajio.com/dnmx-graphic-print-crew-neck-t-shirt/p/443011158_ltpurple
Typographic Print Crew-Neck T-Shirt,https://www.ajio.com/teamspirit-typographic-print-crew-neck-t-shirt/p/443003439_lavender
Graphic Print Slim Fit Crew-Neck T-shirt,https://www.ajio.com/dnmx-graphic-print-slim-fit-crew-neck-t-shirt/p/441128955_peach
Typographic Print Crew-Neck T-Shirt,https://www.ajio.com/obaan-typographic-print-crew-neck-t-shirt/p/466051006_black
Floral Print Crew-Neck T-Shirt,https://www.ajio.com/dnmx-floral-print-crew-neck-t-shirt/p/441147613_navy
Graphic Print Crew-Neck Oversized T-shirt,https://www.ajio.com/dillinger-graphic-print-crew-neck-oversized-t-shirt/p/463214840_cream
Typographic Print Slim Fit Crew-Neck T-Shirt,https://www.ajio.com/dnmx-typographic-print-slim-fit-crew-neck-t-shirt/p/443011017_lavender
Crew-Neck Training T-Shirt,https://www.ajio.com/performax-crew-neck-training-t-shirt/p/441147534_lilac
Floral Print Slim Fit Round-Neck T-shirt,https://www.ajio.com/dnmx-floral-print-slim-fit-round-neck-t-shirt/p/441137663_olive
Striped Crew-Neck T-shirt,https://www.ajio.com/ausk-striped-crew-neck-t-shirt/p/461478751_maroon
Crew-Neck T-shirt with Lace Panel,https://www.ajio.com/fig-crew-neck-t-shirt-with-lace-panel/p/441134539_ltpink
Fastdry Heathered Crew-Neck T-Shirt,https://www.ajio.com/performax-fastdry-heathered-crew-neck-t-shirt/p/443005184_limegreen
Graphic Print Crew-Neck Oversized T-shirt,https://www.ajio.com/difference-of-opinion-graphic-print-crew-neck-oversized-t-shirt/p/464272305_black
Printed Slim Fit Crew-Neck T-Shirt,https://www.ajio.com/dnmx-printed-slim-fit-crew-neck-t-shirt/p/443003152_rust
Floral Print Crew-Neck T-Shirt,https://www.ajio.com/blue-trend-floral-print-crew-neck-t-shirt/p/420430202_ltblue
Crew-Neck Cotton T-Shirt,https://www.ajio.com/ausk-crew-neck-cotton-t-shirt/p/465788901_green
Typographic Print Slim Fit Crew-Neck T-shirt,https://www.ajio.com/dnmx-typographic-print-slim-fit-crew-neck-t-shirt/p/441140003_jetblack
Heathered Crew-Neck T-shirt,https://www.ajio.com/performax-heathered-crew-neck-t-shirt/p/441145032_rosegold
Pack of 2 Graphic Print Crew Neck T-Shirt,https://www.ajio.com/the-dry-state-pack-of-2-graphic-print-crew-neck-t-shirt/p/465538572_green
Fastdry Heathered Crew-Neck T-Shirt,https://www.ajio.com/performax-fastdry-heathered-crew-neck-t-shirt/p/443005184_jetblack
Striped Crew-Neck T-shirt with Lace Applique,https://www.ajio.com/fig-striped-crew-neck-t-shirt-with-lace-applique/p/441136265_offwhite
Ribbed Crew-Neck T-Shirt,https://www.ajio.com/fig-ribbed-crew-neck-t-shirt/p/441147122_beige
FastDry Crew-Neck T-Shirt with Raglan Sleeves,https://www.ajio.com/performax-fastdry-crew-neck-t-shirt-with-raglan-sleeves/p/441137503_limegreen
Ribbed Round-Neck T-shirt,https://www.ajio.com/fig-ribbed-round-neck-t-shirt/p/441147122_mustard
Logo Print Crew-Neck T-Shirt,https://www.ajio.com/performax-logo-print-crew-neck-t-shirt/p/441137503_olivegreen
Spread Collar Polo T-shirt,https://www.ajio.com/clafoutis-spread-collar-polo-t-shirt/p/463249890_maroon
Typographic Print Crew-Neck T-shirt,https://www.ajio.com/rio-typographic-print-crew-neck-t-shirt/p/441137023_yellow
Schiffli Embroidered Crew-Neck T-shirt,https://www.ajio.com/dj--c-schiffli-embroidered-crew-neck-t-shirt/p/441179880_mustard
Polo T-Shirt with Logo Print,https://www.ajio.com/performax-polo-t-shirt-with-logo-print/p/441149043_maroon
Fastdry Heathered Crew-Neck T-Shirt,https://www.ajio.com/performax-fastdry-heathered-crew-neck-t-shirt/p/443005184_aquablue
Striped V-neck T-shirt,https://www.ajio.com/teamspirit-striped-v-neck-t-shirt/p/441124932_jetblack
Fastdry Heathered Crew-Neck T-Shirt,https://www.ajio.com/performax-fastdry-heathered-crew-neck-t-shirt/p/443005184_maroon
Striped Crew-Neck T-shirt,https://www.ajio.com/teamspirit-striped-crew-neck-t-shirt/p/441126821_pink
Graphic Print Slim Fit Crew-Neck T-shirt,https://www.ajio.com/dnmx-graphic-print-slim-fit-crew-neck-t-shirt/p/441134008_navy
Polo T-Shirt with Placement Logo Print,https://www.ajio.com/performax-polo-t-shirt-with-placement-logo-print/p/441149043_jetblack
Floral Print Fit & Flare Dress with Waist Tie-Up,https://www.ajio.com/tulsattva-floral-print-fit--flare-dress-with-waist-tie-up/p/464852642_cream
Floral Print Fit & Flare Dress,https://www.ajio.com/cottinfab-floral-print-fit--flare-dress/p/464634840_multi
Floral Print Fit & Flare Dress,https://www.ajio.com/keri-perry-floral-print-fit--flare-dress/p/466007054_aqua
Printed Fit & Flare Dress,https://www.ajio.com/masakali-co-printed-fit--flare-dress/p/465443502_green
Floral A-line Dress,https://www.ajio.com/azira-floral-a-line-dress/p/463987207_pink
Floral Print Wrap Dress with Ruffles,https://www.ajio.com/aarke-ritu-kumar-floral-print-wrap-dress-with-ruffles/p/410334285_blue
Floral Print Tiered Dress,https://www.ajio.com/styli-floral-print-tiered-dress/p/465091946_burgundy
Round-Neck A-Line Dress with Insert Pocket,https://www.ajio.com/aask-round-neck-a-line-dress-with-insert-pocket/p/465969611_wine
Square-Neck Gown Dress with Puff Sleeves,https://www.ajio.com/all-ways-you-square-neck-gown-dress-with-puff-sleeves/p/465570229_purple
Floral Print Fit & Flare Dress,https://www.ajio.com/masakali-co-floral-print-fit--flare-dress/p/464497062_pink
Floral Print Fit & Flare Dress,https://www.ajio.com/kotty-floral-print-fit--flare-dress/p/466054270_multi
Off-Shoulder Tiered Dress with Embroidery,https://www.ajio.com/hawt-off-shoulder-tiered-dress-with-embroidery/p/420345985_maroon
Floral Print Fit & Flare Dress with Waist Tie-Up,https://www.ajio.com/tulsattva-floral-print-fit--flare-dress-with-waist-tie-up/p/464852644_cream
Floral Print Round Neck Gown Dress,https://www.ajio.com/kiana-house-of-fashion-floral-print-round-neck-gown-dress/p/462745234_blue
Floral Print Fit & Flare Dress,https://www.ajio.com/masakali-co-floral-print-fit--flare-dress/p/464500189_blue
Lace A-Line Dress with Belt,https://www.ajio.com/fig-lace-a-line-dress-with-belt/p/441149926_ltpink
Printed Fit & Flare Dress with Fabric Belt,https://www.ajio.com/fig-printed-fit--flare-dress-with-fabric-belt/p/441146586_offwhite
Colourblock A-Line Dress with Belt,https://www.ajio.com/aask-colourblock-a-line-dress-with-belt/p/465912297_pink
Floral Print Tiered Dress,https://www.ajio.com/masakali-co-floral-print-tiered-dress/p/465454608_black
Floral Print Tiered Dress,https://www.ajio.com/rare-floral-print-tiered-dress/p/465790742_black
Floral Print Fit & Flare Dress,https://www.ajio.com/wisstler-floral-print-fit--flare-dress/p/464384968_black
V-Neck Fit & Flare Dress,https://www.ajio.com/aayu-all-about-you-v-neck-fit--flare-dress/p/465846019_green
V-Neck Fit & Flare Dress,https://www.ajio.com/tior-v-neck-fit--flare-dress-/p/465410816_burgundy
Striped Round-Neck Empire Dress,https://www.ajio.com/purvaja-striped-round-neck-empire-dress/p/463928195_black
Floral Print Tiered Dress with Criss-Cross Back,https://www.ajio.com/mabish-by-sonal-jain-floral-print-tiered-dress-with-criss-cross-back/p/462336376_white
Printed Fit & Flare Dress with Fabric Belt,https://www.ajio.com/fig-printed-fit--flare-dress-with-fabric-belt/p/441146586_teal
Round-Neck Fit & Flare Dress,https://www.ajio.com/hetvi-creation-round-neck-fit--flare-dress/p/466114041_yellow
Floral Print Fit & Flare Dress,https://www.ajio.com/mabish-by-sonal-jain-floral-print-fit--flare-dress/p/461390819_multi
Colourblock A-Line Dress with Belt,https://www.ajio.com/aask-colourblock-a-line-dress-with-belt/p/465912297_green
Square-Neck Indian Print Tiered Dress,https://www.ajio.com/cottinfab-square-neck-indian-print-tiered-dress-/p/462749327_pink
Button-Down Fit & Flare Dress,https://www.ajio.com/fig-button-down-fit--flare-dress/p/443004172_darkgreen
Printed V-neck Fit & Flare Dress,https://www.ajio.com/divena-printed-v-neck-fit--flare-dress/p/462764832_blue
V-Neck Fit and Flare Dress,https://www.ajio.com/fidoza-v-neck-fit-and-flare-dress/p/466007829_maroon
Striped Shirt Dress with Patch Pocket,https://www.ajio.com/cottinfab-striped-shirt-dress-with-patch-pocket/p/462754791_blue
Printed A-line Dress with Notched Neckline,https://www.ajio.com/azira-printed-a-line-dress-with-notched-neckline/p/463032048_navy
Solid A-line Dress,https://www.ajio.com/winered-solid-a-line-dress/p/464028066_green
Floral Print Fit & Flare Dress,https://www.ajio.com/stylum-floral-print-fit--flare-dress/p/465826756_pink
Panelled A-line Dress with Waist Tie-up,https://www.ajio.com/rare-panelled-a-line-dress-with-waist-tie-up/p/460359016_black
Floral Print Tiered Dress with Criss-Cross Back,https://www.ajio.com/mabish-by-sonal-jain-floral-print-tiered-dress-with-criss-cross-back/p/462336365_blue
Floral Print Fit & Flare Dress,https://www.ajio.com/wisstler-floral-print-fit--flare-dress/p/464384976_navy
Floral Print A-line Dress,https://www.ajio.com/hive-91-floral-print-a-line-dress/p/464442818_multi
Floral Print Fit & Flare with Tie-Up,https://www.ajio.com/mabish-by-sonal-jain-floral-print-fit--flare-with-tie-up/p/461390492_multi
Leaf Print Belted Sheath Dress with Side Slit,https://www.ajio.com/sidyal-leaf-print-belted-sheath-dress-with-side-slit/p/466137593_white
Floral Print Fit & Flare Dress,https://www.ajio.com/fig-floral-print-fit--flare-dress/p/443008918_jetblack
Floral Print A-Line Maxi Dress,https://www.ajio.com/deewa-floral-print-a-line-maxi-dress/p/464333541_green
Running Shorts with Elasticated Waist,https://www.ajio.com/performax-running-shorts-with-elasticated-waist/p/441147689_jetblack
Washed Distressed Denim Shorts,https://www.ajio.com/freehand-washed-distressed-denim-shorts/p/469230968_blue
Solid Cargo Shorts,https://www.ajio.com/popnetic-solid-cargo-shorts/p/463689017_khaki
Pack of 3 Mid-Rise Shorts,https://www.ajio.com/fflirtygo-pack-of-3-mid-rise-shorts-/p/464595726_multi
High Rise City Shorts,https://www.ajio.com/addyvero-high-rise-city-shorts/p/464142107_black
Pack of 4 Printed Shorts,https://www.ajio.com/indiweaves-pack-of-4-printed-shorts/p/465096468_multi
Dolphin Hem Elasticated Waist Shorts,https://www.ajio.com/performax-dolphin-hem-elasticated-waist-shorts/p/441147846_jetblack
Solid A-line Skirt,https://www.ajio.com/addyvero-solid-a-line-skirt/p/464142949_black
Vmi Mariana Mid-Wash Skinny Shorts,https://www.ajio.com/iscenery-by-vero-moda-vmi-mariana-mid-wash-skinny-shorts/p/441297316_darkblue
High-Rise Cargo Shorts,https://www.ajio.com/winered-high-rise-cargo-shorts/p/465582085_white
High-Rise Denim Shorts with Whiskers,https://www.ajio.com/miss-players-high-rise-denim-shorts-with-whiskers/p/441776596_mediumblue
Floral Print Flared Skirt with Belt,https://www.ajio.com/alsace-lorraine-paris-floral-print-flared-skirt-with-belt/p/465907433_green
Logo Print Elasticated Active Shorts,https://www.ajio.com/nike-logo-print-elasticated-active-shorts/p/469431503_red
High-Rise Cargo Shorts,https://www.ajio.com/alsace-lorraine-paris-high-rise-cargo-shorts/p/465007748_olive
Distressed Denim Shorts,https://www.ajio.com/sisney-distressed-denim-shorts/p/464738027_blue
Floral Print Shorts with Lace Trimmed Hem,https://www.ajio.com/encrustd-floral-print-shorts-with-lace-trimmed-hem/p/469455784_multi
Floral Flared Skirt,https://www.ajio.com/neudis-floral-flared-skirt/p/463987181_yellow
Washed Denim Shorts,https://www.ajio.com/rio-washed-denim-shorts/p/443009359_blue
Solid Cargo Shorts,https://www.ajio.com/popnetic-solid-cargo-shorts/p/463648431_black
Solid Flared Skirt,https://www.ajio.com/bitterlime-solid-flared-skirt/p/461067652_black
City Shorts with Elasticated Waistband,https://www.ajio.com/kryptic-city-shorts-with-elasticated-waistband/p/463477629_black
Pencil Skirt with Side Slit,https://www.ajio.com/buynewtrend-pencil-skirt-with-side-slit/p/465928808_black
Striped A-line Skirt,https://www.ajio.com/marie-claire-striped-a-line-skirt/p/463946777_black
Pack of 2 Lace Shorts,https://www.ajio.com/tkeshto-pack-of-2-lace-shorts/p/465303822_multi
High-Waist Running Shorts,https://www.ajio.com/performax-high-waist-running-shorts/p/441147689_darkgrey
Asymmetric Skirt Shorts,https://www.ajio.com/styli-asymmetric-skirt-shorts/p/466132143_beige
Distressed Denim Shorts,https://www.ajio.com/sisney-distressed-denim-shorts/p/464731500_black
Knit Shorts With Elasticated Waistband,https://www.ajio.com/go-colors-knit-shorts-with-elasticated-waistband/p/466117871_black
Straight Skirt with Pockets,https://www.ajio.com/peptrends-straight-skirt-with-pockets/p/461145315_blue
Shorts with Insert Pockets,https://www.ajio.com/door74-shorts-with-insert-pockets/p/461442072_black
High-Rise Denim Shorts,https://www.ajio.com/zheia-high-rise-denim-shorts/p/466087463_black
Bermuda Shorts with Elasticated Waistband,https://www.ajio.com/mack-vimal-bermuda-shorts-with-elasticated-waistband/p/466064701_blue
Houndstooth Print Pencil Skirt,https://www.ajio.com/dream-beauty-fashion-houndstooth-print-pencil-skirt/p/465700546_black
Pleated Flared Skirt with Elasticated Waist,https://www.ajio.com/wisstler-pleated-flared-skirt-with-elasticated-waist/p/465813873_coffee
Schifilli Shorts with Scalloped Hem,https://www.ajio.com/fyre-rose-schifilli-shorts-with-scalloped-hem/p/469172959_pink
Geometric Print High-Rise Shorts,https://www.ajio.com/perfkt-u-geometric-print-high-rise-shorts/p/465945787_purple
A-Line Denim Skirt with Front Slit,https://www.ajio.com/buda-jeans-co-a-line-denim-skirt-with-front-slit/p/469311903_iceblue
Printed Tiered Skirt with Front Slit,https://www.ajio.com/oxxo-printed-tiered-skirt-with-front-slit/p/469291498_multicolor
Solid Wrap Skirt,https://www.ajio.com/popnetic-solid-wrap-skirt/p/463648761_khaki
Pack of 2 Shorts with Elasticated Waist,https://www.ajio.com/blue-tyga-pack-of-2-shorts-with-elasticated-waist/p/464529814_black
City Shorts with Insert Pocket,https://www.ajio.com/winered-city-shorts-with-insert-pocket/p/465582093_olive
Solid Shorts,https://www.ajio.com/leading-lady-solid-shorts/p/461069524_beige
Washed Shorts with Turn-Up Hems,https://www.ajio.com/dnmx-washed-shorts-with-turn-up-hems/p/443007467_ltblue
Pleated Flared Skirt with Dipped Hemline,https://www.ajio.com/gas-pleated-flared-skirt-with-dipped-hemline/p/410279911_0883
Floral Print Skirt with Slits,https://www.ajio.com/fyre-rose-floral-print-skirt-with-slits/p/469172965_black
Denim Bomber Jacket,https://www.ajio.com/buynewtrend-denim-bomber-jacket/p/465929209_blue
Zip-Front Hooded Jacket with Insert Pockets,https://www.ajio.com/performax-zip-front-hooded-jacket-with-insert-pockets/p/441145656_plum
Zip-Front Track Jacket,https://www.ajio.com/performax-zip-front-track-jacket/p/441147593_jetblack
Jacket with Buttoned Flap Pockets,https://www.ajio.com/buynewtrend-jacket-with-buttoned-flap-pockets/p/461853689_blue
Zip-Front High-Neck Jacket,https://www.ajio.com/performax-zip-front-high-neck-jacket/p/441142870_white
Colourblock Zip-Front Jacket,https://www.ajio.com/performax-colourblock-zip-front-jacket/p/441145340_plum
Colourblock Hooded Puffer Jacket,https://www.ajio.com/performax-colourblock-hooded-puffer-jacket/p/441142862_jetblack
Fastdry Panelled Training Jacket,https://www.ajio.com/performax-fastdry-panelled-training-jacket/p/441127967_jetblack
Open-Front Shawl Lapel Blazer,https://www.ajio.com/fyre-rose-open-front-shawl-lapel-blazer/p/469191264_black
Trench Coat with Button-Front Closure,https://www.ajio.com/alsace-lorraine-paris-trench-coat-with-button-front-closure/p/465169114_black
Denim Jacket with Flap Pockets,https://www.ajio.com/voxati-denim-jacket-with-flap-pockets/p/466105738_blue
Trench Coat with Button-Front Closure,https://www.ajio.com/alsace-lorraine-paris-trench-coat-with-button-front-closure/p/465169101_maroon
Quilted Zip-Front Jacket with Detachable Hood,https://www.ajio.com/fort-collins-quilted-zip-front-jacket-with-detachable-hood/p/460757718_lightgreen
Zip-Front Track Jacket,https://www.ajio.com/performax-zip-front-track-jacket/p/441147593_darkblue
Raglan Sleeves Fitted Jacket,https://www.ajio.com/teamspirit-raglan-sleeves-fitted-jacket/p/441143661_jetblack
Corduroy Trucker Jacket with Flap Pockets,https://www.ajio.com/fyre-rose-corduroy-trucker-jacket-with-flap-pockets/p/469288786_powderblue
Panelled Washed Denim Jacket,https://www.ajio.com/buynewtrend-panelled-washed-denim-jacket/p/461956418_blue
Washed Denim Jacket,https://www.ajio.com/dnmx-washed-denim-jacket/p/441141410_darkblue
Fastdry Panelled Training Jacket with Mask,https://www.ajio.com/performax-fastdry-panelled-training-jacket-with-mask/p/441135884_jetblack
Heathered Patch-Pockets Long Jacket,https://www.ajio.com/qurvii-heathered-patch-pockets-long-jacket/p/465421678_grey
Open-Front Shawl Lapel Blazer,https://www.ajio.com/fyre-rose-open-front-shawl-lapel-blazer/p/469191264_olive
Button-Closure Trench Coat,https://www.ajio.com/kazo-button-closure-trench-coat/p/465321744_beige
Puffer Hooded Jacket with Faux Fur,https://www.ajio.com/fort-collins-puffer-hooded-jacket-with-faux-fur/p/460757748_red
Checked Front-Open Jacket with Puff Sleeves,https://www.ajio.com/cottinfab-checked-front-open-jacket-with-puff-sleeves/p/463525834_black
Denim Jacket with Flap Pockets,https://www.ajio.com/buynewtrend-denim-jacket-with-flap-pockets/p/464357539_blue
Solid Full Sleeves Jacket,https://www.ajio.com/vero-moda-solid-full-sleeves-jacket/p/463400325_grey
Bomber Jacket with Fur-Lined Hood,https://www.ajio.com/fort-collins-bomber-jacket-with-fur-lined-hood/p/460757739_maroon
Solid Jacket With Zipper Front,https://www.ajio.com/clovia-solid-jacket-with-zipper-front-/p/463987526_black
Fastdry Lightweight Track Jacket,https://www.ajio.com/performax-fastdry-lightweight-track-jacket/p/441142865_white
Zip-Front Jacket with Elasticated Waist,https://www.ajio.com/outryt-sport-zip-front-jacket-with-elasticated-waist/p/441140008_black
Quilted Jacket with Faux-Fur Lined Hood,https://www.ajio.com/fort-collins-quilted-jacket-with-faux-fur-lined-hood/p/460910764_yellow
Block Print Front Open Coat,https://www.ajio.com/hangup-block-print-front-open-coat/p/461536172_cream
Notched-Lapel Blazer with Roll-Up Sleeve,https://www.ajio.com/fyre-rose-notched-lapel-blazer-with-roll-up-sleeve/p/469191263_black
Short Corduroy Jacket with Flap Pockets,https://www.ajio.com/fyre-rose-short-corduroy-jacket-with-flap-pockets/p/469288784_sagegreen
Solid Full-length Jacket,https://www.ajio.com/marks--spencer-solid-full-length-jacket/p/464952130_pink
Colourblock Hooded Puffer Jacket,https://www.ajio.com/performax-colourblock-hooded-puffer-jacket/p/441142862_darkblue
Denim Jacket with Front-Button Closure,https://www.ajio.com/buynewtrend-denim-jacket-with-front-button-closure/p/464375450_blue
Raglan Sleeve Hooded Fitted Jacket,https://www.ajio.com/teamspirit-raglan-sleeve-hooded-fitted-jacket/p/441143661_ltgrey
Hooded Spirit Sports Puffer Jacket,https://www.ajio.com/superdry-hooded-spirit-sports-puffer-jacket/p/410354254_0wa
Typographic Print Button Closure Track Jacket,https://www.ajio.com/tistabene-typographic-print-button-closure-track-jacket/p/465365588_blue
Button-Down Shacket with Patch Pocket,https://www.ajio.com/fyre-rose-button-down-shacket-with-patch-pocket/p/469288781_dustypink
Puffer Hooded Jacket with Faux Fur,https://www.ajio.com/fort-collins-puffer-hooded-jacket-with-faux-fur/p/460712552_seagreen
Button-Front Jacket with Back Placement Applique,https://www.ajio.com/lee-cooper-button-front-jacket-with-back-placement-applique/p/441209112_black
Denim Jacket with Flap Pockets,https://www.ajio.com/ketch-denim-jacket-with-flap-pockets/p/469389597_blue
Denim Jacket with Frayed Hemline,https://www.ajio.com/rio-denim-jacket-with-frayed-hemline/p/441139898_black
Mid-Rise Skinny Fit Jeans,https://www.ajio.com/dnmx-mid-rise-skinny-fit-jeans/p/441147348_jetblack
High-Rise Skinny Jeans,https://www.ajio.com/dolce-crudo-high-rise-skinny-jeans/p/461208122_black
Mid-Wash Skinny Fit Jeans,https://www.ajio.com/dnmx-mid-wash-skinny-fit-jeans/p/441148958_darkblue
Mid-Rise Skinny Fit Jeans,https://www.ajio.com/dnmx-mid-rise-skinny-fit-jeans/p/441143842_white
Lightly Washed Straight Jeans,https://www.ajio.com/lee-cooper-lightly-washed-straight-jeans/p/441245190_indigo
Skinny Fit Jeans with Insert Pockets,https://www.ajio.com/rea-lize-skinny-fit-jeans-with-insert-pockets/p/465564413_blue
Skinny Fit Jeans with Insert Pockets,https://www.ajio.com/rea-lize-skinny-fit-jeans-with-insert-pockets/p/465564309_blue
Mid-Rise Skinny Jeans with Ankle Zippers,https://www.ajio.com/dnmx-mid-rise-skinny-jeans-with-ankle-zippers/p/441134420_jetblack
Heavily Washed Skinny Jeggings,https://www.ajio.com/dnmx-heavily-washed-skinny-jeggings/p/441142426_ltblue
Skinny Fit Jeans with Flower Embroidery,https://www.ajio.com/hawt-skinny-fit-jeans-with-flower-embroidery/p/420280353_black
High-Rise Flared Jeans with Insert Pockets,https://www.ajio.com/kotty-high-rise-flared-jeans-with-insert-pockets/p/461431038_black
Lightly Washed Flared Jeans,https://www.ajio.com/kotty-lightly-washed-flared-jeans/p/461780688_blue
Skinny Fit Low-Rise Jeans,https://www.ajio.com/lee-cooper-skinny-fit-low-rise-jeans/p/441243543_indigo
Lightly Washed Slim Fit Jeans,https://www.ajio.com/dnmx-lightly-washed-slim-fit-jeans/p/441145654_ltblue
High-Rise Skinny Jeans,https://www.ajio.com/dolce-crudo-high-rise-skinny-jeans/p/461207456_black
High-Rise Skinny Jeans,https://www.ajio.com/dolce-crudo-high-rise-skinny-jeans/p/461207415_blue
High-Rise Bootcut Jeans,https://www.ajio.com/gap-high-rise-bootcut-jeans/p/441538526_denim
High-Rise Bootcut Jeans,https://www.ajio.com/buda-jeans-co-high-rise-bootcut-jeans/p/469311877_darkblue
Mid-Wash Skinny Fit Jeans,https://www.ajio.com/dnmx-mid-wash-skinny-fit-jeans/p/441148959_mediumblue
Washed Slim Fit Jeans with Whiskers,https://www.ajio.com/lee-cooper-washed-slim-fit-jeans-with-whiskers/p/441297602_indigo
Mid-Rise Skinny Fit Jeans,https://www.ajio.com/dnmx-mid-rise-skinny-fit-jeans/p/441143840_darkblue
High-Rise Skinny Fit Jeans,https://www.ajio.com/lee-cooper-high-rise-skinny-fit-jeans/p/443005043_tintblue
Floral Print High-Rise Jeggings,https://www.ajio.com/dtr-fashion-floral-print-high-rise-jeggings/p/464740155_black
Cotton Boyfriend Jeans,https://www.ajio.com/jdy-by-only-cotton-boyfriend-jeans/p/441697451_darkblue
Mid-Rise Skinny Jeggings,https://www.ajio.com/dnmx-mid-rise-skinny-jeggings/p/441148966_black
Mid-Rise Ankle-Length Treggings,https://www.ajio.com/rio-mid-rise-ankle-length-treggings/p/441132914_jetblack
Lightly Washed Straight Fit Jeans,https://www.ajio.com/kotty-lightly-washed-straight-fit-jeans/p/465982405_black
Wide Leg Jeans with Cargo Patch Pocket,https://www.ajio.com/buda-jeans-co-wide-leg-jeans-with-cargo-patch-pocket/p/469311827_butter
Mid-Wash Slim Fit Jeans,https://www.ajio.com/lee-cooper-mid-wash-slim-fit-jeans/p/441297629_indigoblue
Ombre-Dyed Slim Jeans,https://www.ajio.com/orchid-blues-ombre-dyed-slim-jeans/p/464737111_blue
Paperbag -Waist Mom Fit Jeans,https://www.ajio.com/dnmx-paperbag-waist-mom-fit-jeans/p/443007464_pink
Lightly Washed Straight Fit Jeans,https://www.ajio.com/gap-lightly-washed-straight-fit-jeans/p/441538547_denim
Mid-Rise Skinny Fit Jeggings,https://www.ajio.com/dnmx-mid-rise-skinny-fit-jeggings/p/441142424_grey
High-Rise Bootcut Jeans,https://www.ajio.com/kotty-high-rise-bootcut-jeans/p/463940008_black
Lightly Washed Skinny Jeans,https://www.ajio.com/jdy-by-only-lightly-washed-skinny-jeans/p/441308870_ltblue
Distressed High-Rise Skinny Jeans,https://www.ajio.com/dolce-crudo-distressed-high-rise-skinny-jeans/p/461207579_blue
Lightly Washed Skinny Jeans,https://www.ajio.com/freehand-lightly-washed-skinny-jeans/p/469194627_black
Heavily Washed Distressed Jeans,https://www.ajio.com/buda-jeans-co-heavily-washed-distressed-jeans/p/469194076_blue
Solid Skinny Jeans,https://www.ajio.com/dolce-crudo-solid-skinny-jeans/p/463701809_black
Printed High-Rise Jeggings,https://www.ajio.com/dtr-fashion-printed-high-rise-jeggings/p/464519730_black
Lightly Washed Distressed Bootcut Jeans,https://www.ajio.com/gap-lightly-washed-distressed-bootcut-jeans/p/441538503_denim
711 Lightly Washed Super Skinny Fit Jeans,https://www.ajio.com/levis-711-lightly-washed-super-skinny-fit-jeans/p/469203807_blue
Lightly Washed Distressed Straight Fit Jeans,https://www.ajio.com/buda-jeans-co-lightly-washed-distressed-straight-fit-jeans/p/469194077_darkblue
Washed Jeans with Light Distress,https://www.ajio.com/dnmx-washed-jeans-with-light-distress/p/441145652_midblue
Boyfriend Jeans with Insert Pockets,https://www.ajio.com/jdy-by-only-boyfriend-jeans-with-insert-pockets/p/441697452_ltblue
Leaf Print Palazzos with Elasticated Waistband,https://www.ajio.com/visit-wear-leaf-print-palazzos-with-elasticated-waistband/p/466099093_navy
High-Rise Stretch Pants,https://www.ajio.com/silverfly-high-rise-stretch-pants/p/465581718_black
High-Rise Trousers with Seam Detail,https://www.ajio.com/visit-wear-high-rise-trousers-with-seam-detail/p/466086897_black
High-Rise Straight Fit Trousers,https://www.ajio.com/wuxi-high-rise-straight-fit-trousers/p/466065447_black
High-Rise Straight Fit Trousers,https://www.ajio.com/kotty-high-rise-straight-fit-trousers/p/466003150_black
High-Rise Straight Trousers,https://www.ajio.com/visit-wear-high-rise-straight-trousers/p/466086897_white
High-Rise Stretch Pants,https://www.ajio.com/silverfly-high-rise-stretch-pants/p/465581718_white
Straight Fit Cargo Pants,https://www.ajio.com/broadstar-straight-fit-cargo-pants/p/466089937_brown
High-Rise Stretch Pants,https://www.ajio.com/silverfly-high-rise-stretch-pants/p/465581718_wine
High Rise Wide Leg Pants,https://www.ajio.com/broadstar-high-rise-wide-leg-pants/p/465344647_black
High-Rise Straight Fit Pants,https://www.ajio.com/kotty-high-rise-straight-fit-pants/p/464501980_navy
High-Rise Relaxed Fit Pants,https://www.ajio.com/visit-wear-high-rise-relaxed-fit-pants/p/465922011_white
Relaxed Fit Cargo Pants,https://www.ajio.com/fig-relaxed-fit-cargo-pants/p/443007388_brown
High-Rise Stretchable Trousers,https://www.ajio.com/visit-wear-high-rise-stretchable-trousers/p/465922011_black
Relaxed Fit Cargo Pants,https://www.ajio.com/broadstar-relaxed-fit-cargo-pants/p/465673917_black
High-Rise Stretch Pants,https://www.ajio.com/silverfly-high-rise-stretch-pants/p/465581718_green
High-Rise Stretchable Trousers,https://www.ajio.com/visit-wear-high-rise-stretchable-trousers/p/465934260_black
Skinny Fit Flat-Front Trousers,https://www.ajio.com/fig-skinny-fit-flat-front-trousers/p/441130264_jetblack
Flared Flat-Front Pant,https://www.ajio.com/marks--spencer-flared-flat-front-pant/p/464099250_black
High-Rise Pants with Belt,https://www.ajio.com/kotty-high-rise-pants-with-belt/p/464749963_olive
High-Rise Flat-Front Trousers,https://www.ajio.com/marks--spencer-high-rise-flat-front-trousers/p/463375488_navy
Striped Trousers with Belt,https://www.ajio.com/fig-striped-trousers-with-belt/p/441146491_offwhite
Relaxed Fit Flat-Front Pants,https://www.ajio.com/fig-relaxed-fit-flat-front-pants/p/441149052_black
Tapered Fit Jogger Pants with Insert Pockets,https://www.ajio.com/fig-tapered-fit-jogger-pants-with-insert-pockets/p/441142173_jetblack
High-Rise Straight Fit Flat-Front Trousers,https://www.ajio.com/kotty-high-rise-straight-fit-flat-front-trousers/p/466123566_white
Wide Leg Pants with Elasticated Waistband,https://www.ajio.com/fithub-wide-leg-pants-with-elasticated-waistband/p/465898230_black
Flat-Front Straight Trousers,https://www.ajio.com/marks--spencer-flat-front-straight-trousers/p/463375488_black
Solid Trousers with Mid Rise Waist,https://www.ajio.com/piroh-solid-trousers-with-mid-rise-waist/p/464199854_white
Trousers with Elasticated Waistband,https://www.ajio.com/piroh-trousers-with-elasticated-waistband/p/464579762_white
Single-Pleated Straight Fit Pants,https://www.ajio.com/wuxi-single-pleated-straight-fit-pants/p/466065447_green
High-Rise Straight Fit Pants,https://www.ajio.com/kotty-high-rise-straight-fit-pants/p/464501984_green
High-Rise Straight Fit Flat-Front Trousers,https://www.ajio.com/kotty-high-rise-straight-fit-flat-front-trousers/p/466123543_beige
High-Rise Straight Fit Trousers,https://www.ajio.com/wuxi-high-rise-straight-fit-trousers/p/466065447_yellow
High-Rise Cargo Pants,https://www.ajio.com/winered-high-rise-cargo-pants-/p/465293097_olive
High-Rise Cargo Pants,https://www.ajio.com/broadstar-high-rise-cargo-pants/p/465618279_black
Skinny Fit Flat-Front Trousers,https://www.ajio.com/fig-skinny-fit-flat-front-trousers/p/441130264_grey
Slim Fit Pants with Insert Pockets,https://www.ajio.com/fig-slim-fit-pants-with-insert-pockets/p/441146465_jetblack
Straight Fit Cargo Pants with Insert Pockets,https://www.ajio.com/broadstar-straight-fit-cargo-pants-with-insert-pockets/p/466128874_brown
Textured Relaxed Fit Trousers,https://www.ajio.com/silverfly-textured-relaxed-fit-trousers/p/465581718_aqua
High-Rise Trousers with Seam Detail,https://www.ajio.com/visit-wear-high-rise-trousers-with-seam-detail/p/466086897_green
Slim Fit Pants With Elasticated Waistband,https://www.ajio.com/rio-slim-fit-pants-with-elasticated-waistband/p/441131894_jetblack
High-Rise Tapered Fit Flat-Front Pants,https://www.ajio.com/orchid-blues-high-rise-tapered-fit-flat-front-pants/p/465750278_beige
High-Rise Flared Flat-Front Trousers,https://www.ajio.com/popwings-high-rise-flared-flat-front-trousers/p/465785419_grey
Hem Design Mid-Rise Trouser,https://www.ajio.com/piroh-hem-design-mid-rise-trouser/p/464223725_black
Mid-Rise Wide Leg Trousers,https://www.ajio.com/rue-collection-mid-rise-wide-leg-trousers/p/465395493_olive
Typographic Print Crew-Neck Sweatshirt,https://www.ajio.com/teamspirit-typographic-print-crew-neck-sweatshirt/p/441143993_jetblack
Colourblock Hoodie with Kangaroo Pocket,https://www.ajio.com/teamspirit-colourblock-hoodie-with-kangaroo-pocket/p/441143850_jetblack
Typographic Print Light Weight Sweatshirt,https://www.ajio.com/teamspirit-typographic-print-light-weight-sweatshirt/p/441146270_lavender
Typographic Print Hoodie,https://www.ajio.com/teamspirit-typographic-print-hoodie/p/441119929_lavender
Ribbed Sweatshirt with Puff Sleeves,https://www.ajio.com/fig-ribbed-sweatshirt-with-puff-sleeves/p/441142492_pink
Typographic Print Light Weight Sweatshirt,https://www.ajio.com/teamspirit-typographic-print-light-weight-sweatshirt/p/441146270_darknavy
Graphic Print Cotton Sweatshirt,https://www.ajio.com/rio-graphic-print-cotton-sweatshirt/p/441143491_jetblack
Typographic Print Hoodie with Kangaroo Pocket,https://www.ajio.com/dnmx-typographic-print-hoodie-with-kangaroo-pocket/p/441143775_blue
Colourblock Zip-Front Hoodie,https://www.ajio.com/hawt-colourblock-zip-front-hoodie/p/420421050_red
Zip-Front Hoodie with Split Kangaroo Pocket,https://www.ajio.com/teamspirit-zip-front-hoodie-with-split-kangaroo-pocket/p/441142035_jetblack
Typographic Print Crew-Neck Sweatshirt,https://www.ajio.com/dnmx-typographic-print-crew-neck-sweatshirt/p/441146770_mustard
Round-Neck Sweatshirt with Transcend Foil Print,https://www.ajio.com/dnmx-round-neck-sweatshirt-with-transcend-foil-print/p/441146766_maroon
Logo Print Mock-Neck Sweatshirt,https://www.ajio.com/gap-logo-print-mock-neck-sweatshirt/p/441538640_navy
Round-Neck Sweatshirt with Placement Print,https://www.ajio.com/teamspirit-round-neck-sweatshirt-with-placement-print/p/441143799_ltyellow
Foil Print Round-Neck Sweatshirt,https://www.ajio.com/hawt-foil-print-round-neck-sweatshirt/p/420421049_vine
Logo Print Crew-Neck Pullover,https://www.ajio.com/gap-logo-print-crew-neck-pullover/p/442064759_yellow
Graphic Print Round-Neck Sweatshirt,https://www.ajio.com/dnmx-graphic-print-round-neck-sweatshirt/p/441146772_pink
High-Neck Sweatshirt with Zip Closure,https://www.ajio.com/buda-jeans-co-high-neck-sweatshirt-with-zip-closure/p/469241066_offwhite
Graphic Print Crew-Neck Sweatshirt,https://www.ajio.com/dnmx-graphic-print-crew-neck-sweatshirt/p/441146784_teal
Peanuts Glitter Print Crew-Neck Sweatshirt,https://www.ajio.com/dnmx-peanuts-glitter-print-crew-neck-sweatshirt/p/441134022_white
Typographic Print Hoodie with Kangaroo Pocket,https://www.ajio.com/hawt-typographic-print-hoodie-with-kangaroo-pocket/p/420314391_pink
Textured Round-Neck Sweatshirt,https://www.ajio.com/fig-textured-round-neck-sweatshirt/p/441140991_ltpurple
Typographic Print Hoodie with Kangaroo Pocket,https://www.ajio.com/teamspirit-typographic-print-hoodie-with-kangaroo-pocket/p/441143861_teal
Graphic Print Hooded Sweatshirt,https://www.ajio.com/sti-graphic-print-hooded-sweatshirt/p/465481333_green
Brand Print Crew-Neck Sweatshirt,https://www.ajio.com/gap-brand-print-crew-neck-sweatshirt/p/442064756_grey
Round-Neck Sweatshirt with Cuffed Sleeves,https://www.ajio.com/fig-round-neck-sweatshirt-with-cuffed-sleeves/p/441140991_pink
Brand Print Ribbed Hems Hoodie,https://www.ajio.com/dillinger-brand-print-ribbed-hems-hoodie/p/465426232_blue
Mickey Mouse Print Crew-Neck Sweatshirt,https://www.ajio.com/dnmx-mickey-mouse-print-crew-neck-sweatshirt/p/441134007_olive
Printed Zip-Front Hoodie,https://www.ajio.com/hawt-printed-zip-front-hoodie/p/420421054_navy
Logo Print Mock-Neck Sweatshirt,https://www.ajio.com/gap-logo-print-mock-neck-sweatshirt/p/441538639_brown
Logo Print Round-Neck T-Shirt,https://www.ajio.com/gap-logo-print-round-neck-t-shirt/p/442064760_black
Zip-Front Hoodie with Split Kangaroo Pocket,https://www.ajio.com/teamspirit-zip-front-hoodie-with-split-kangaroo-pocket/p/441142035_purple
Sweatshirt with Thumbhole,https://www.ajio.com/nike-sweatshirt-with-thumbhole/p/460945599_black
Zip-Front Hoodie with Split Kangaroo Pocket,https://www.ajio.com/teamspirit-zip-front-hoodie-with-split-kangaroo-pocket/p/441142035_darkpink
Typographic Print Pullover Sweatshirt,https://www.ajio.com/styli-typographic-print-pullover-sweatshirt/p/465160103_khaki
Typographic Print Hoodie,https://www.ajio.com/teamspirit-typographic-print-hoodie/p/441131213_ltaqua
Typographic Print Hoodie,https://www.ajio.com/teamspirit-typographic-print-hoodie/p/441142430_ltpurple
Hoodie with Ribbed Hems,https://www.ajio.com/performax-hoodie-with-ribbed-hems/p/441145350_rosegold
Typographic Print Cotton Sweatshirt,https://www.ajio.com/rio-typographic-print-cotton-sweatshirt/p/441143832_ltpurple
Zip-Front Sweatshirt with Slip Pockets,https://www.ajio.com/dnmx-zip-front-sweatshirt-with-slip-pockets/p/441143771_black
Floral Print Round-Neck Sweatshirt,https://www.ajio.com/dnmx-floral-print-round-neck-sweatshirt/p/441146783_jetblack
Ombre-Dyed Hoodie with Brand Print,https://www.ajio.com/lee-cooper-ombre-dyed-hoodie-with-brand-print/p/441218897_pink
Brand Print Hoodie,https://www.ajio.com/gap-brand-print-hoodie/p/441538637_blue
Donald Duck Print Crew-Neck Sweatshirt,https://www.ajio.com/dnmx-donald-duck-print-crew-neck-sweatshirt/p/441134066_jetblack
Typographic Print Hoodie with Kangaroo Pocket,https://www.ajio.com/dnmx-typographic-print-hoodie-with-kangaroo-pocket/p/441141684_wine
